month,actual,forecast,forecast_rounded,residual
2021-01-01,132,170.18543417366948,170,-38.18543417366948
2021-02-01,109,171.99373336111302,172,-62.993733361113016
2021-03-01,112,173.8020325485566,174,-61.80203254855661
2021-04-01,188,175.6103317360002,176,12.389668263999795
2021-05-01,132,177.41863092344374,177,-45.41863092344374
2021-06-01,207,179.22693011088734,179,27.773069889112662
2021-07-01,257,181.03522929833093,181,75.96477070166907
2021-08-01,178,182.84352848577447,183,-4.8435284857744705
2021-09-01,183,184.65182767321807,185,-1.6518276732180652
