date_key,monthly_additions,month_index
20110101,0,0
20110201,0,1
20110301,0,2
20110401,0,3
20110501,1,4
20110601,0,5
20110701,0,6
20110801,0,7
20110901,1,8
20111001,11,9
20111101,0,10
20111201,0,11
20120101,0,12
20120201,1,13
20120301,0,14
20120401,0,15
20120501,0,16
20120601,0,17
20120701,0,18
20120801,0,19
20120901,0,20
20121001,0,21
20121101,1,22
20121201,1,23
20130101,0,24
20130201,0,25
20130301,1,26
20130401,0,27
20130501,0,28
20130601,0,29
20130701,0,30
20130801,1,31
20130901,2,32
20131001,3,33
20131101,2,34
20131201,2,35
20140101,2,36
20140201,2,37
20140301,0,38
20140401,2,39
20140501,0,40
20140601,1,41
20140701,1,42
20140801,1,43
20140901,1,44
20141001,4,45
20141101,4,46
20141201,6,47
20150101,1,48
20150201,4,49
20150301,5,50
20150401,5,51
20150501,6,52
20150601,6,53
20150701,7,54
20150801,2,55
20150901,7,56
20151001,14,57
20151101,4,58
20151201,21,59
20160101,43,60
20160201,15,61
20160301,17,62
20160401,22,63
20160501,13,64
20160601,18,65
20160701,28,66
20160801,34,67
20160901,48,68
20161001,51,69
20161101,44,70
20161201,96,71
20170101,72,72
20170201,82,73
20170301,125,74
20170401,93,75
20170501,86,76
20170601,94,77
20170701,79,78
20170801,115,79
20170901,113,80
20171001,126,81
20171101,85,82
20171201,118,83
20180101,129,84
20180201,87,85
20180301,173,86
20180401,115,87
20180501,97,88
20180601,78,89
20180701,152,90
20180801,164,91
20180901,124,92
20181001,191,93
20181101,154,94
20181201,185,95
20190101,153,96
20190201,148,97
20190301,172,98
20190401,162,99
20190501,139,100
20190601,168,101
20190701,157,102
20190801,131,103
20190901,123,104
20191001,193,105
20191101,255,106
20191201,215,107
20200101,205,108
20200201,114,109
20200301,137,110
20200401,177,111
20200501,157,112
20200601,156,113
20200701,146,114
20200801,129,115
20200901,168,116
20201001,167,117
20201101,154,118
20201201,169,119
